1,唐書卷一百三十七 列傳第三十二傅奕,,新唐書,376091,傅奕
2,唐書卷八十九列傳第十四  屈突通,,新唐書,138722,屈突通
3,唐書卷一百二 列傳第二十七　岑虞李褚姚令狐,,新唐書,30971,姚思廉
4,唐書卷一百二 列傳第二十七　岑虞李褚姚令狐,,新唐書,22793,虞世南
5,唐書卷一百九十八 列傳第一百二十三　儒學上,,新唐書,3685,歐陽詢
6,唐書卷一百二 列傳第二十七　岑虞李褚姚令狐,,新唐書,92899,李百藥
7,唐書卷二百一十五上  列傳第一百四十上　突厥上,,新唐書,444909,咄吉世
8,唐書卷二百一十五上  列傳第一百四十上　突厥上,,新唐書,444909,始畢可汗
9,唐書卷二百一十七上  列傳第一百四十二上　回鶻上,,新唐書,551217,菩薩
10,唐書卷二百一十五下  列傳第一百四十下　突厥下,,新唐書,551219,統葉護可汗
11,唐書卷二百一十五上  列傳第一百四十上　突厥上,,新唐書,444917,咄苾
12,唐書卷二百一十五上  列傳第一百四十上　突厥上,,新唐書,444917,頡利可汗
13,唐書卷一 本紀第一 高祖,,新唐書,13059,李淵
14,唐書卷一 本紀第一 高祖,,新唐書,13059,唐高祖
15,唐書卷八十八 列傳第十三  裴寂,,新唐書,31917,裴寂
16,唐書卷八十八 列傳第十三  劉文靜,,新唐書,20308,劉文靜
17,唐書卷九十二 列傳第十七　杜闞王李苑羅王,,新唐書,378048,郭子和
18,唐書卷一百二 列傳第二十七　岑虞李褚姚令狐,,新唐書,92937,李延壽
19,唐書卷九十一  列傳第十六　溫皇甫二李姜崔,,新唐書,150721,溫大雅
20,唐書卷一百一十列傳第三十五　諸夷蕃將,,新唐書,30587,馮盎
21,列傳第十八　二李勣,,新唐書,31312,李靖
22,列傳第十六　溫皇甫二李姜崔,,新唐書,94815,溫彥博
23,列傳第一百二十三　儒學上,,新唐書,92271,孔穎達
24,列傳第一百三十一　外戚,,新唐書,24636,武士彠
25,列傳第二十一　房杜,,新唐書,17130,房玄齡
26,列傳第二十二　魏徵,,新唐書,15610,魏徵
27,列傳第一百二十三　儒學上,,新唐書,32430,顏師古
28,列傳第一百二十一　隱逸,,新唐書,92784,孫思邈
29,列傳第二十七　岑虞李褚姚令狐,,新唐書,32966,令狐德棻
30,列傳第二十一　房杜,,新唐書,30864,杜如晦
31,列傳第一百二十一　隱逸,,新唐書,551304,王績
32,列傳第十四　屈實尉遲張秦唐段,,新唐書,139166,尉遲恭
33,列傳第三十四　崔楊竇宗祝王,,新唐書,150640,崔義玄
34,列傳第十五　二劉殷許程柴任丘,,新唐書,195638,丘行恭
35,列傳第二十九　於高張,,新唐書,31485,于志寧
36,列傳第四　高祖諸子,,新唐書,187923,李建成
37,列傳第八　諸帝公主,,新唐書,135650,平陽公主
38,列傳第十五　二劉殷許程柴任丘,,新唐書,135651,柴紹
39,列傳第十七　杜闞王李苑羅王,,新唐書,380390,羅藝
40,列傳第十九　侯張薛,,新唐書,176094,侯君集
41,列傳第三十六　郭二張三王蘇薛程唐,,新唐書,376534,郭孝恪
42,列傳第三十五　諸夷蕃將,,新唐書,376419,阿史那社爾
43,列傳第三十　長孫褚韓來李上官,,新唐書,31068,長孫無忌
44,列傳第十五　二劉殷許程柴任丘,,新唐書,512551,程䶧金
45,列傳第三　宗室,,新唐書,444936,李孝恭
46,列傳第一百四十八上　奸臣上,,新唐書,18636,許敬宗
47,列傳第十八　二李勣,,新唐書,24408,李勣
48,列傳第二十七　岑虞李褚姚令狐,,新唐書,31628,岑文本
49,列傳第三十　長孫褚韓來李上官,,新唐書,30938,褚遂良
50,本紀第二　太宗,,新唐書,13060,李世民
51,列傳第三　宗室,,新唐書,187282,李道宗
52,列傳第三十二　傅呂陳,,新唐書,92501,呂才
53,卷七十四  劉洎馬周崔仁師孫湜湜弟液液子論液弟滌,,舊唐書,20679,馬周
54,列傳第一百二十九　方技,,新唐書,93043,李淳風
55,卷二百一   崔善為薛頤甄權弟立言宋俠許胤宗乙弗弘禮袁天綱孫思邈明崇儼張憬藏李嗣真張文仲李虔縱韋慈藏附尚獻甫裴知古附孟詵嚴善思金梁鳳張果葉法善僧玄奘神秀慧能普寂義福附一行泓師附桑道茂 ,,舊唐書,446232,弘忍
56,卷六十四 高祖二十二子,,舊唐書,31176,李元吉
57,列傳第二十五　陳楊封裴宇文鄭權閻蔣姜張,,新唐書,163927,閻立德
58,唐卷一百　陳楊封裴宇文鄭權閻蔣姜張,,新唐書,180064,閻立本
59,列傳第三十三　劉裴婁,,新唐書,15129,劉仁軌
60,列傳第三十　長孫褚韓來李上官,,新唐書,91930,上官儀
61,卷八十六 許敬宗李義府少子湛,,舊唐書,92865,李義府
62,列傳第三十六　郭二張三王蘇薛程唐,,新唐書,180093,薛仁貴
63,卷八十  恆山王承乾楚王寬吳王恪子成王千里孫信安王禕濮王泰庶人祐蜀王愔蔣王惲越王貞子瑯邪王沖紀王慎江王囂代王簡趙王福曹王明,,舊唐書,93013,李泰
64,列傳第三十三　劉裴婁,,新唐書,31906,裴行儉
65,列傳第三十五　諸夷蕃將,,新唐書,152286,契苾何力
66,本紀第四　則天皇后　中宗,,新唐書,93663,武曌
67,列傳第四十五　五王,,新唐書,12419,張柬之
68,本紀第三　高宗,,新唐書,19241,李治
69,卷一百九十六 徐文遠陸德明曹憲許淹李善公孫羅附歐陽詢子通硃子奢張士衡賈公彥李玄植附張後胤蓋文達宗人文懿谷那律蕭德言許叔牙子子儒敬播劉伯莊子之宏秦景通羅道琮,,舊唐書,31591,李善
70,列傳第三十三　劉裴婁,,新唐書,31103,婁師德
71,列傳第四十二　裴劉魏李吉,,新唐書,31895,裴炎
72,列傳第三十五　諸夷蕃將,,新唐書,140055,黑齒常之
73,列傳第四十　狄郝硃,,新唐書,16604,朱敬則
74,卷一百九十八 孔紹安子禎孫若思袁朗弟承序利貞孫誼賀德仁庾抱蔡允恭鄭世翼謝偃崔信明張蘊古劉胤之弟子延祐兄子藏器張昌齡崔行功孟利貞董思恭元思敬徐齊聃杜易簡從祖弟審言盧照鄰楊炯王勃兄勮勔駱賓王鄧玄挺,,舊唐書,33651,盧照鄰
75,列傳第一百二十三　儒學上,,新唐書,12199,歐陽通
76,卷二百一 崔善為薛頤甄權弟立言宋俠許胤宗乙弗弘禮袁天綱孫思邈明崇儼張憬藏李嗣真張文仲李虔縱韋慈藏附尚獻甫裴知古附孟詵嚴善思金梁鳳張果葉法善僧玄奘神秀慧能普寂義福附一行泓師附桑道茂,,舊唐書,94985,慧能
77,列傳第四十八　李蕭盧韋趙和,,新唐書,31575,李嶠
78,卷八十 恆山王承乾楚王寬吳王恪子成王千里孫信安王禕濮王泰庶人祐蜀王愔蔣王惲越王貞子瑯邪王沖紀王慎江王囂代王簡趙王福曹王明,,舊唐書,92904,李貞
79,列傳第三十九　崔徐蘇豆盧,,新唐書,32658,蘇味道
80,列傳第二十三　王薛馬韋,,新唐書,31552,薛稷
81,列傳第一百二十六 文藝上,,新唐書,30982,王勃
82,列傳第一百二十六 文藝上,,新唐書,31143,駱賓王
83,列傳第一百二十六 文藝上,,新唐書,31110,楊炯
84,列傳第四十七　魏韋郭,,新唐書,176026,魏元忠
85,卷一百八十七 獨孤懷恩竇德明侄懷貞族弟孝諶孝諶子希瑊希球希瓘希瓘從父弟維鍌長孫敞從父弟操趙持滿附武承嗣子延秀從父弟三思三思子崇訓從祖弟懿宗攸暨攸暨妻太平公主從父弟攸緒薛懷義附韋溫王仁皎子守一吳漵弟湊竇覦柳晟王子顏,,舊唐書,444834,武承嗣
86,卷一百八十七 獨孤懷恩竇德明侄懷貞族弟孝諶孝諶子希瑊希球希瓘希瓘從父弟維鍌長孫敞從父弟操趙持滿附武承嗣子延秀從父弟三思三思子崇訓從祖弟懿宗攸暨攸暨妻太平公主從父弟攸緒薛懷義附韋溫王仁皎子守一吳漵弟湊竇覦柳晟王子顏,,舊唐書,24645,武三思
87,列傳第四十九　姚宋,,新唐書,26935,姚崇
88,列傳第一百三十四　酷吏,,新唐書,376335,來俊臣
89,列傳第三　宗室,,新唐書,146342,李思訓
90,列傳第六　三宗諸子,,新唐書,92959,李賢
91,列傳第一百三十四　酷吏,,新唐書,512514,索元禮
92,卷一百九十一 來俊臣周興傅游藝丘神勣索元禮侯思止萬國俊來子珣王弘義郭霸吉頊,,舊唐書,376385,周興
93,列傳第一百二十一　隱逸,,新唐書,92452,司馬承禎
94,列傳第三十六　郭二張三王蘇薛程唐,,新唐書,175925,王孝傑
95,卷七 本紀第七 中宗 睿宗,,舊唐書,19242,李顯
96,列傳第一　後妃上,,新唐書,444817,韋后
97,列傳第三十三　劉裴婁,,新唐書,93924,宗楚客
98,列傳第四十七　魏韋郭,,新唐書,94398,郭震
99,卷一百六 馬懷素褚無量劉子玄兄知柔子貺餗匯秩迅迥徐堅元行沖吳兢韋述弟逌迪蕭直蕭穎士母煚殷踐猷附,,舊唐書,30388,徐堅
100,列傳第一百二十一　隱逸,,新唐書,15353,賀知章
101,卷一百九十九  郭正一元萬頃範履冰苗神客周思茂胡楚賓附喬知之弟侃備劉希夷附劉允濟富嘉謨吳少微谷倚附員半千丘悅附劉憲王適司馬鍠梁載言附沈佺期陳子昂閭丘均附宋之問閻朝隱王無競李適尹元凱附賈曾子至許景先賀知章賀朝萬齊融張若虛邢巨包融李登之附席豫徐安貞附齊浣王浣李邕孫逖子成,,舊唐書,93433,張若虛
102,列傳第三十二　傅呂陳,,新唐書,31322,陳子昂
103,列傳第五十七　劉吳韋蔣柳沈,,新唐書,31723,劉知幾
104,列傳第二十九　於高張,,新唐書,31231,張易之
105,卷二百二列傳第一百二十七　文藝中,,新唐書,31560,宋之問
106,列傳第一百二十七　文藝中,,新唐書,32198,沈佺期
107,列傳第八　諸帝公主,,新唐書,444850,太平公主
108,本紀第五　睿宗　玄宗,,新唐書,19243,李旦
109,列傳第四十九　姚宋,,新唐書,31275,宋璟
110,列傳第一　後妃上,,新唐書,91931,上官婉兒
111,卷一百一 劉幽求鐘紹京郭元振張說子均垍陳希烈附,,舊唐書,31407,張說
112,列傳第五十　蘇張,,新唐書,11605,蘇頲
113,列傳第五十七　劉吳韋蔣柳沈,,新唐書,93243,吳兢
114,列傳第五十一　魏盧李杜張韓,,新唐書,22451,韓休
115,列傳第五十一　魏盧李杜張韓,,新唐書,3130,張九齡
116,列傳第一百二十七　文藝中,,新唐書,31592,李邕
117,列傳第五十九 宇文韋楊王,,新唐書,92726,宇文融
118,列傳第五十二　張源裴,,新唐書,11765,裴耀卿
119,卷二百一 崔善為薛頤甄權弟立言宋俠許胤宗乙弗弘禮袁天綱孫思邈明崇儼張憬藏李嗣真張文仲李虔縱韋慈藏附尚獻甫裴知古附孟詵嚴善思金梁鳳張果葉法善僧玄奘神秀慧能普寂義福附一行泓師附桑道茂,,舊唐書,445419,一行
120,列傳第八　諸帝公主,,新唐書,447292,安樂公主
121,列傳第一百三十二　宦者上,,新唐書,94338,高力士
122,卷八 本紀第八 玄宗上  卷九 本紀第九 玄宗下,,舊唐書,19244,李隆基
123,列傳第一百二十八　文藝下,,新唐書,93956,孟浩然
124,志第五十　藝文四,,新唐書,94771,儲光羲
125,列傳第一百四十七上　南蠻上,,新唐書,551461,皮邏閣
126,列傳第一百二十八　文藝下,,新唐書,92035,王昌齡
127,列傳第一百二十一　隱逸,,新唐書,33754,盧鴻
128,卷二百二列傳第一百二十七　文藝下,,新唐書,94589,崔顥
129,卷二百二列傳第一百二十七　文藝中,,新唐書,32174,王維
130,列傳第一百二十七　文藝中,,新唐書,32540,李白
131,列傳第六十八　高元李韋薛崔戴王徐郗辛,,新唐書,30851,高適
132,列傳第八十五　徐呂孟劉楊潘崔韋,,新唐書,94305,徐浩
133,列傳第一百三十三　宦者下,,新唐書,376309,李輔國
134,列傳第一百四十八上　奸臣上,,新唐書,32534,李林甫
135,列傳第五十九　宇文韋楊王,,新唐書,180797,韋堅
136,列傳第五十九　宇文韋楊王,,新唐書,377516,王鉷
137,列傳第一百三十一　外戚,,新唐書,31221,楊國忠
138,列傳第一百五十上　逆臣上,,新唐書,379873,安祿山
139,列傳第一百五十上　逆臣上,,新唐書,32814,史思明
140,列傳第一百三十五　籓鎮魏博,,新唐書,146183,田承嗣
141,列傳第五十八　二郭兩王張牛,,新唐書,32662,王忠嗣
142,列傳第六十　哥舒高封,,新唐書,378354,高仙芝
143,列傳第一百二十七　文藝中,,新唐書,32169,蕭潁士
144,列傳第六十一　李光弼,,新唐書,146097,李光弼
145,列傳第一百四十九上　叛臣上,,新唐書,195850,僕固懷恩
146,列傳第一百一十七　忠義中,,新唐書,93414,張巡
147,列傳第一百一十七　忠義中,,新唐書,18640,許遠
148,列傳第一百一十七　忠義中,,新唐書,551515,南霽雲
149,列傳第七十八　段顏,,新唐書,95025,顏真卿
150,志第五十　藝文四,,新唐書,33566,劉長卿
151,本紀第六　肅宗　代宗,,新唐書,19245,李亨
152,本紀第六　肅宗　代宗,,新唐書,19245,唐肅宗
153,列傳第一百二十六　文藝上,,新唐書,3915,杜甫
154,卷一百九十九 郭正一元萬頃範履冰苗神客周思茂胡楚賓附喬知之弟侃備劉希夷附劉允濟富嘉謨吳少微谷倚附員半千丘悅附劉憲王適司馬鍠梁載言附沈佺期陳子昂閭丘均附宋之問閻朝隱王無競李適尹元凱附賈曾子至許景先賀知章賀朝萬齊融張若虛邢巨包融李登之附席豫徐安貞附齊浣王浣李邕孫逖子成,,舊唐書,93409,張旭
155,列傳第一百二十七 文藝中,,新唐書,93855,鄭虔
156,列傳第七十四　劉第五班王李,,新唐書,11524,劉晏
157,列傳第七十八　段顏,,新唐書,32873,段秀實
158,列傳第一百二十八　文藝下,,新唐書,94714,韓翃
159,列傳第一百三十七 籓鎮盧龍,,新唐書,194752,李懷仙
160,卷一百四十六 李寶臣子惟岳惟誠惟簡惟簡子元本王武俊子士真士平士則士真子承宗承元王廷湊子元逵元逵子紹鼎紹懿紹鼎子景崇景崇子鎔,,舊唐書,184905,李寶臣
161,卷二百一十三 安祿山 高尚 孫孝哲 史思明 安祿山子慶緒高尚孫孝哲史思明子朝義,,舊唐書,376434,安慶緒
162,列傳第一百三十二　宦者上,,新唐書,339482,魚朝恩
163,卷一百三十三 韓滉子皋弟洄張延賞子弘靖弘靖子文規次宗,,舊唐書,22452,韓滉
164,列傳第八十七　姚獨孤顧韋段呂許薛李,,新唐書,32917,獨孤及
165,志第四十九　藝文三,,新唐書,158168,王冰
166,本紀第六　肅宗　代宗,,新唐書,19246,李豫
167,列傳第七十　元王黎楊嚴竇,,新唐書,32672,元載
168,列傳第八十　馬渾,,新唐書,24691,馬燧
169,列傳第七十　元王黎楊嚴竇,,新唐書,20876,楊炎
170,列傳第七十九　李晟,,新唐書,3529,李晟
171,列傳第一百四十九上　叛臣上,,新唐書,194809,李懷光
172,列傳第七十四　劉第五班王李,,新唐書,94594,第五琦
173,列傳第一百四十八下　奸臣下,,新唐書,31736,盧杞
174,列傳第八十八　孔穆崔柳楊馬,,新唐書,184796,孔巢父
175,列傳第九十一　賈杜令狐,,新唐書,11745,賈耽
176,列傳第六十八　高元李韋薛崔戴王徐郗辛,,新唐書,146237,戴叔倫
177,列傳第一百三十八　籓鎮淄青橫海,,新唐書,184891,李正已
178,列傳第五　太宗子,,新唐書,93021,李皋
179,列傳第一百二十一　隱逸,,新唐書,33859,陸羽
180,列傳第一百三十六　籓鎮鎮冀,,新唐書,191752,王武俊
181,列傳第九十一　賈杜令狐,,新唐書,3927,杜佑
182,列傳第八十　馬渾,,新唐書,145810,渾瑊
183,列傳第九十四　杜裴李韋,,新唐書,21187,杜黃裳
184,列傳第一百五十中　逆臣中,,新唐書,194619,朱泚
185,列傳第一百五十中　逆臣中,,新唐書,196081,李希烈
186,列傳第八十三　韋張嚴韓,,新唐书,156023,韋皋
187,列傳第一百二十七　文藝中,,新唐書,92328,盧綸
188,列傳第一百二十八　文藝下,,新唐書,33487,李益
189,志第四十七　藝文一,,新唐書,450054,周昉
190,列傳第五十七　劉吳韋蔣柳沈,,新唐書,20877,沈既濟
191,列傳第一百三十五　籓鎮魏博,,新唐书,194705,田悅
192,列傳第一百一　韓愈,,新唐书,93952,孟郊
193,列傳第九十三　韋王陸劉柳程,,新唐书,33597,王叔文
194,列傳第九十三　韋王陸劉柳程,,新唐书,189642,王伾
195,列傳第八十二　陸贄,,新唐书,33705,陸贄
196,列傳第九十　三鄭高權崔,,新唐书,13624,權德輿
197,列傳第九十二　白裴崔韋二李皇甫王,,新唐书,92109,王播
198,本紀第七　德宗　順宗　憲宗,,新唐书,189199,李誦
199,列傳第九十六　李烏王楊曹高劉石,,新唐书,160841,烏重胤
200,列傳第七十三　令狐張康李劉田王牛史,,新唐书,145844,田弘正
201,列傳第七十七　張姜武李宋,,新唐书,32760,李絳
202,列傳第九十一　賈杜令狐,,新唐书,32980,令狐楚
203,列傳第九十八　裴度,,新唐书,94941,裴度
204,列傳第九十二　白裴崔韋二李皇甫王,,新唐书,33108,皇甫鎛
205,列傳第一百一　韓愈,,新唐书,13575,張籍
206,列傳第一百一　韓愈,,新唐书,3332,韓愈
207,列傳一百二　錢崔二韋二高馮三李盧封鄭敬,,新唐书,22469,李翱
208,列傳第一百六　陳三李曹劉,,新唐书,141666,李紳
209,列傳第四十四　武李賈白,,新唐书,32227,白居易
210,列傳第一百一　韓愈,,新唐书,94116,皇甫湜
211,列傳第九十三　韋王陸劉柳程,,新唐书,3605,柳宗元
212,列傳第七十九　李晟,,新唐书,93104,李愬
213,列傳第四十四　武李賈白,,新唐书,32228,白行簡
214,本紀第七　德宗　順宗　憲宗,,新唐书,166933,李純
215,列傳第八十八　孔穆崔柳楊馬,,新唐书,33589,柳公權
216,列傳第九十九　二李元牛楊,,新唐书,32248,元稹
217,列傳第一百一　韓愈,,新唐书,94227,賈島
218,列傳第九十九　二李元牛楊,,新唐书,32054,牛僧孺
219,列傳第一百三十二　宦者上,,新唐书,145635,仇士良
220,列傳第一百三十九　籓鎮宣武彰義澤潞,,新唐书,196025,吳元濟
221,列傳第一百三十八　籓鎮淄青橫海,,新唐书,184896,李師道
222,列傳第八十五　徐呂孟劉楊潘崔韋,,新唐书,93963,孟簡
223,列傳第一百三十三　宦者下,,新唐书,196063,王守澄
224,列傳第一百四　李鄭二王賈舒,,新唐书,189318,李訓
225,列傳第一百四　李鄭二王賈舒,,新唐书,189319,鄭注
226,列傳第一百四　李鄭二王賈舒,,新唐书,92079,王涯
227,列傳第九十九　二李元牛楊,,新唐书,13629,李宗閔
228,列傳第一百五　李德裕,,新唐书,15161,李德裕
229,列傳第一百二十八　文藝下,,新唐书,33485,李賀
230,列傳第一百三　劉蕡,,新唐书,15132,劉蕡
231,列傳第九十一　賈杜令狐,,新唐书,32985,令狐綯
232,列傳第九十一　賈杜令狐,,新唐书,21194,杜牧
233,本紀第八　穆宗　敬宗　文宗　武宗　宣宗,,新唐书,189272,李昂
234,列傳第七十三　令狐張康李劉田王牛史,,新唐书,169063,康承訓
235,本紀第八　穆宗　敬宗　文宗　武宗　宣宗,,新唐书,19254,李忱
236,本紀第八　穆宗　敬宗　文宗　武宗　宣宗,,新唐书,19254,唐宣宗
237,列傳第一百二十八　文藝下,,新唐书,24412,李商隱
238,卷二百 李華蕭穎士李翰附陸據崔顥王昌齡孟浩然元德秀王維李白杜甫吳通玄兄通微王仲舒崔咸唐次子扶持持子彥謙劉鸘李商隱溫庭筠薛逢子廷珪李拯李巨川司空圖,,舊唐書,447567,溫庭筠
239,列傳第十四　屈實尉遲張秦唐段,,新唐书,21751,段成式
240,本紀第八　穆宗　敬宗　文宗　武宗　宣宗,,新唐书,19253,李𤁄
241,本紀第八　穆宗　敬宗　文宗　武宗　宣宗,,新唐书,19253,唐武宗
242,列傳第一百一十　鄭二王韋張,,新唐书,93844,鄭畋
243,列傳第一百二十一　隱逸,,新唐书,33753,陸龜蒙
244,列傳第一百一十九　卓行,,新唐书,92445,司空圖
245,列傳一百二　錢崔二韋二高馮三李盧封鄭敬,,新唐书,94212,聶夷中
246,列傳第一百四十三　沙陀,,新唐書,169074,朱邪赤心
247,列傳第一百四十八下　奸臣下,,新唐書,31381,崔胤
248,列傳第一百四十三　沙陀,,新唐書,18316,李克用
249,本紀第九　懿宗　僖宗,,新唐書,189295,李儇
250,本紀第九　懿宗　僖宗,,新唐書,189295,唐僖宗
251,列傳十一,,舊五代史,379070,龐師古
252,志第四十七　藝文一,,新唐書,32024,張彥遠
253,列傳七,,舊五代史,194827,康君立
254,卷一百三十六,,舊五代史,92048,王建
255,卷一百三十四,,舊五代史,4044,楊行密
256,太祖紀一至太祖紀七,,舊五代史,377600,朱全忠
257,卷一百三十五,,舊五代史,380440,劉守光
258,列傳八,,舊五代史,376532,敬翔
259,卷一百三十三,,舊五代史,382234,馬殷
260,卷六十七吳越世家第七,,新五代史,466093,錢鏐
261,卷一百三十二,,舊五代史,145345,李茂貞
262,卷一百三十三,,舊五代史,22187,高季興
263,卷一百三十六,,舊五代史,92058,王衍
264,卷一百三十三,,舊五代史,11520,王審知
265,卷六十一吳世家第一,,新五代史,19615,徐溫
266,卷三十四一行傳第二十二,,新五代史,450359,鄭遨
267,卷六十五南漢世家第五,,新五代史,22472,劉隱
268,卷二十六唐臣傳第十四,,新五代史,556290,孔謙
269,卷二十八唐臣傳第十六,,新五代史,186933,豆盧革
270,列傳十六,,舊五代史,556343,王晏球
271,卷一百三十六,,舊五代史,18317,孟知祥
272,列傳十八,,舊五代史,22535,安重誨
273,卷九十,,舊五代史,463661,趙在禮
274,卷八十九,,舊五代史,92667,劉煦
275,卷一百三十二,,舊五代史,3042,錢元瓘
276,卷六十二南唐世家第二,,新五代史,19629,李昇
277,卷一百三十五,,舊五代史,556344,劉龑
278,卷一百〇九,,舊五代史,45450,李守貞
279,卷八十八,,舊五代史,556345,景延廣
280,卷九十九,,舊五代史,339663,劉知遠
281,卷一百三十五,,舊五代史,51720,劉旻
282,卷八十九,,舊五代史,3710,桑維翰
283,卷一百三十,,舊五代史,556346,慕容彥超
284,卷一百二十九,,舊五代史,134998,劉仁贍
285,卷一百三十,,舊五代史,556347,王峻
286,卷八十一,,舊五代史,339658,石重貴
287,卷一百二十八,,舊五代史,40517,王樸
288,卷一百三十三,,舊五代史,3485,李璟
289,卷一百三十六,,舊五代史,18318,孟昶
290,卷七十東漢世家第十,,新五代史,339665,劉承鈞
291,卷六十七吳越世家第七,,新五代史,3037,錢俶
292,卷六十二南唐世家第二,,新五代史,3551,李煜
293,卷六十四後蜀世家第四,,新五代史,22476,劉𬬮
294,郭崇楊廷璋宋偓向拱王彥超張永德王全斌曾孫凱康延澤王繼濤高彥暉附,,宋史,11689,王全斌
295,范質子旻兄子杲王溥父祚魏仁浦子咸人孫昭亮,,宋史,8041,范質
296,薛居正子惟吉沈倫子繼宗盧多遜父億宋琪宋雄,,宋史,799,薛居正
297,韓令坤父倫慕容延劍子德豐從子德琛符彥卿子昭願昭壽,,宋史,10444,慕容延釗
298,郭崇楊廷璋宋偓向拱王彥超張永德王全斌曾孫凱康延澤王繼濤高彥暉附,,宋史,37637,王彥超
299,范質子旻兄子杲王溥父祚魏仁浦子咸人孫昭亮,,宋史,8152,王溥
300,曹彬子璨瑋琮潘美李超附,,宋史,1389,潘美
301,石守信子保興保吉孫元孫王審琦子承衍承衎孫克臣等高懷德韓重贇子崇訓崇業張令鐸羅彥環王彥升,,宋史,3976,王審琦
302,李昉子宗訥宗諤孫昭述等呂蒙正張齊賢子宗誨賈黃中,,宋史,8075,李昉
303,石守信子保興保吉孫元孫王審琦子承衍承衎孫克臣等高懷德韓重贇子崇訓崇業張令鐸羅彥環王彥升,,宋史,18344,高懷德
304,韓令坤父倫慕容延劍子德豐從子德琛符彥卿子昭願昭壽,,宋史,52521,韓令坤
305,石守信子保興保吉孫元孫王審琦子承衍承衎孫克臣等高懷德韓重贇子崇訓崇業張令鐸羅彥環王彥升,,宋史,17234,石守信
306,楊業子延昭等王貴附荊罕儒從孫嗣曹光實從子克明張暉司超,,宋史,14257,楊業
307,曹彬子璨瑋琮潘美李超附,,宋史,8134,曹彬
308,呂端畢士安曾孫仲衍仲游寇準,,宋史,8102,呂端
309,呂端畢士安曾孫仲衍仲游寇準,,宋史,8107,畢士安
310,趙修己王處訥子熙元苗訓子守信馬韶楚芝蘭韓顯符史序周克明劉翰王懷隱趙自化馮文智沙門洪蘊蘇澄隱丁少微趙自然,,宋史,10042,王懷隱
311,竇神寶王仁睿王繼恩李神福弟神祐劉承規閻承翰秦翰周懷政張崇貴張繼能衛紹欽石知顒孫全彬鄧守恩,,宋史,38443,王繼恩
312,曹利用孫繼鄴附張耆子希一等楊崇勛夏守恩弟守贇子隨狄青張玉孫節附郭逵,,宋史,8133,曹利用
313,李昉子宗訥宗諤孫昭述等呂蒙正張齊賢子宗誨賈黃中,,宋史,8101,呂蒙正
314,高頔李度韓溥鞠常宋準柳開夏侯嘉正羅處約安德裕錢熙,,宋史,18341,柳開
315,李沆弟維王旦向敏中,,宋史,8076,李沆
316,李沆弟維王旦向敏中,,宋史,705,向敏中
317,張鑒姚坦索湘宋太初盧之翰鄭文寶王子輿劉綜卞袞許驤裴莊牛冕張適附欒崇吉袁逢吉韓國華何蒙慎知禮子從吉,,宋史,428,鄭文寶
318,田錫王禹偁張詠,,宋史,3997,王禹偁
319,李沆弟維王旦向敏中,,宋史,8153,王旦
320,楊業子延昭等王貴附荊罕儒從孫嗣曹光實從子克明張暉司超,,宋史,16261,楊延昭
321,陳堯佐兄堯叟弟堯咨從子漸宋庠弟祁,,宋史,97,陳堯叟
322,呂端畢士安曾孫仲衍仲游寇準,,宋史,898,寇準
323,王欽若林特附丁謂夏竦子安期,,宋史,1768,王欽若
324,王欽若林特附丁謂夏竦子安期,,宋史,1641,丁謂
325,陳堯佐兄堯叟弟堯咨從子漸宋庠弟祁,,宋史,98,陳堯佐
326,戚同文陳摶種放萬適李瀆魏野邢敦林逋高懌徐復孔旼何群,,宋史,29845,林逋
327,楊億弟偉從子紘晁迥子宗愨劉筠薛映,,宋史,7097,楊億
328,楊億弟偉從子紘晁迥子宗愨劉筠薛映,,宋史,10623,劉筠
329,穆修石延年劉潛附蕭貫蘇舜欽尹源黃亢黃鑒楊蟠顏太初郭忠恕,,宋史,27759,穆修
330,晏殊龐籍孫恭孫王隨章得象呂夷簡子公綽公弼公孺張士遜,,宋史,8100,呂夷簡
331,王欽若林特附丁謂夏竦子安期,,宋史,703,夏竦
332,晏殊龐籍孫恭孫王隨章得象呂夷簡子公綽公弼公孺張士遜,,宋史,1391,龐籍
333,李諮程戡夏侯嶠盛度丁度張觀鄭戩明鎬王堯臣孫抃田況,,宋史,1368,明鎬
334,邵亢從父必馮京錢惟演從弟易易子彥遠明逸諸孫景諶勰即,,宋史,8006,錢惟演
335,李諮程戡夏侯嶠盛度丁度張觀鄭戩明鎬王堯臣孫抃田況,,宋史,13591,王則
336,種世衡子古諤誼孫樸師道師中,,宋史,14312,種世衡
337,晏殊龐籍孫恭孫王隨章得象呂夷簡子公綽公弼公孺張士遜,,宋史,2073,晏殊
338,陳堯佐兄堯叟弟堯咨從子漸宋庠弟祁,,宋史,8119,宋庠
339,陳堯佐兄堯叟弟堯咨從子漸宋庠弟祁,,宋史,1558,宋祁
340,包拯吳奎趙抃子屼唐介子淑問義問孫恕,,宋史,1411,包拯
341,韓琦子忠彥曾公亮子孝寬孝廣孝蘊陳升之吳充王珪從父罕從兄琪,,宋史,8136,曾公亮
342,梅堯臣江休復蘇洵章望之王逢孫唐卿黃庠楊寘附唐庚史伯虎附文同楊傑賀鑄劉涇鮑由黃伯思,,宋史,7059,梅堯臣
343,梅堯臣江休復蘇洵章望之王逢孫唐卿黃庠楊寘附唐庚史伯虎附文同楊傑賀鑄劉涇鮑由黃伯思,,宋史,3762,蘇洵
344,富弼子紹庭文彥博,,宋史,1953,文彥博
345,歐陽脩子發棐劉敞弟劉攽子奉世曾鞏弟肇,,宋史,1384,歐陽修
346,範鎮從子百祿從孫祖禹,,宋史,3279,范鎮
347,穆修石延年劉潛附蕭貫蘇舜欽尹源黃亢黃鑒楊蟠顏太初郭忠恕,,宋史,7064,蘇舜欽
348,曹利用孫繼鄴附張耆子希一等楊崇勛夏守恩弟守贇子隨狄青張玉孫節附郭逵,,宋史,8127,狄青
349,韓琦子忠彥曾公亮子孝寬孝廣孝蘊陳升之吳充王珪從父罕從兄琪,,宋史,630,韓琦
350,包拯吳奎趙抃子屼唐介子淑問義問孫恕,,宋史,375,趙抃
351,胡旦賈同劉顏高弁孫復石介胡瑗劉羲叟林概李覯何涉王回弟向周堯卿王當陳暘,,宋史,3513,李覯
352,楊業子延昭等王貴附荊罕儒從孫嗣曹光實從子克明張暉司超,,宋史,16263,楊文廣
353,賀蘭棲真柴通玄甄棲真楚衍僧志言僧懷丙許希龐安時錢乙僧智緣郭天信魏漢津王老志王仔昔林靈素皇甫坦王克明莎衣道人孫守榮,,宋史,10101,龐安時
354,賀蘭棲真柴通玄甄棲真楚衍僧志言僧懷丙許希龐安時錢乙僧智緣郭天信魏漢津王老志王仔昔林靈素皇甫坦王克明莎衣道人孫守榮,,宋史,10018,錢乙
355,周敦頤程顥程頤張載弟戩邵雍,,宋史,3718,邵雍
356,韓琦子忠彥曾公亮子孝寬孝廣孝蘊陳升之吳充王珪從父罕從兄琪,,宋史,77,陳升之
357,張方平王拱辰張趙概胡宿子宗炎從子宗愈宗回,,宋史,1847,王拱辰
358,列傳第七十四 韓億子綜韓絳子宗師韓維韓縝子宗武,,宋史,636,韓絳
359,鄭獬陳襄錢公輔孫洙豐稷呂誨劉述劉琦錢顗鄭俠,,宋史,7053,呂誨
360,太祖母昭憲杜太后太祖孝惠賀皇后孝明王皇后孝章宋皇后太宗淑德尹皇后懿德符皇后明德李皇后元德李皇后真宗章懷潘皇後章穆郭皇後章獻明肅劉皇后李宸妃楊淑妃沉貴妃仁宗郭皇后慈聖光獻曹皇后張貴妃苗貴妃周貴妃楊德妃馮賢妃英宗宣仁聖烈高皇后,,宋史,4220,曹太后
361,周敦頤程顥程頤張載弟戩邵雍,,宋史,504,周敦頤
362,梅堯臣江休復蘇洵章望之王逢孫唐卿黃庠楊寘附唐庚史伯虎附文同楊傑賀鑄劉涇鮑由黃伯思,,宋史,10173,文同
363,司馬光子康呂公著子希哲希純,,宋史,1314,呂公著
364,歐陽脩子發棐劉敞弟劉攽子奉世曾鞏弟肇,,宋史,3580,劉敞
365,歐陽脩子發棐劉敞弟劉攽子奉世曾鞏弟肇,,宋史,7364,曾鞏
366,韓琦子忠彥曾公亮子孝寬孝廣孝蘊陳升之吳充王珪從父罕從兄琪,,宋史,1845,王珪
367,司馬光子康呂公著子希哲希純,,宋史,1488,司馬光
368,周敦頤程顥程頤張載弟戩邵雍,,宋史,11658,張載
369,呂大防兄大忠弟大鈞大臨劉摯蘇頌,,宋史,8116,蘇頌
370,韓琦子忠彥曾公亮子孝寬孝廣孝蘊陳升之吳充王珪從父罕從兄琪,,宋史,10570,吳充
371,王安石子雱唐坰附王安禮王安國,,宋史,1762,王安石
372,邵亢從父必馮京錢惟演從弟易易子彥遠明逸諸孫景諶勰即,,宋史,607,馮京
373,鄭獬陳襄錢公輔孫洙豐稷呂誨劉述劉琦錢顗鄭俠,,宋史,13378,鄭獬
374,歐陽脩子發棐劉敞弟劉攽子奉世曾鞏弟肇,,宋史,1220,劉攽
375,種世衡子古諤誼孫樸師道師中,,宋史,14315,種諤
376,呂大防兄大忠弟大鈞大臨劉摯蘇頌,,宋史,1327,呂大防
377,范仲淹子純祐純禮純粹范純仁子正平,,宋史,559,范純仁
378,常秩鄧綰子洵武李定舒但蹇周輔子序辰徐鐸王廣淵弟臨王陶王子韶何正臣陳繹,,宋史,1630,鄧綰
379,李清臣安燾張璪蒲宗孟黃履蔡挺兄抗王韶子厚寀薛向子嗣昌章楶,,宋史,1865,王韶
380,呂大防兄大忠弟大鈞大臨劉摯蘇頌,,宋史,8089,劉摯
381,孫長卿周沆李中師羅拯馬仲甫王居卿孫構張詵蘇寀馬從先沈遘弟遼從弟括李大臨呂夏卿祖無擇程師孟張問陳舜俞樂京劉蒙附苗時中韓贄楚建中張頡盧革子秉,,宋史,1450,沈括
382,黃庭堅晁補之弟詠之秦觀張耒陳師道李廌劉恕王無咎蔡肇李格非呂南公郭祥正米芾劉詵倪濤李公麟周邦彥朱長文劉弇,,宋史,20419,劉恕
383,周敦頤程顥程頤張載弟戩邵雍,,宋史,3102,程顥
384,太祖母昭憲杜太后太祖孝惠賀皇后孝明王皇后孝章宋皇后太宗淑德尹皇后懿德符皇后明德李皇后元德李皇后真宗章懷潘皇後章穆郭皇後章獻明肅劉皇后李宸妃楊淑妃沉貴妃仁宗郭皇后慈聖光獻曹皇后張貴妃苗貴妃周貴妃楊德妃馮賢妃英宗宣仁聖烈高皇后,,宋史,11688,高太后
385,姦臣一,,宋史,1309,呂惠卿
386,周敦頤程顥程頤張載弟戩邵雍,,宋史,3105,程頤
387,王安石子雱唐坰附王安禮王安國,,宋史,1760,王安禮
388,姦臣一,,宋史,333,章惇
389,蘇轍族孫元老,,宋史,1493,蘇轍
390,王安石子雱唐坰附王安禮王安國,,宋史,7076,王安國
391,趙挺之張商英兄唐英劉正夫何執中鄭居中張康國朱諤劉逵林攄管師仁侯蒙,,宋史,394,趙挺之
392,範鎮從子百祿從孫祖禹,,宋史,7026,范祖禹
393,鄭獬陳襄錢公輔孫洙豐稷呂誨劉述劉琦錢顗鄭俠,,宋史,15296,鄭俠
394,呂大防兄大忠弟大鈞大臨劉摯蘇頌,,宋史,11663,呂大臨
395,趙挺之張商英兄唐英劉正夫何執中鄭居中張康國朱諤劉逵林攄管師仁侯蒙,,宋史,272,張商英
396,王安石子雱唐坰附王安禮王安國,,宋史,3968,王雱
397,趙挺之張商英兄唐英劉正夫何執中鄭居中張康國朱諤劉逵林攄管師仁侯蒙,,宋史,8053,何執中
398,黃庭堅晁補之弟詠之秦觀張耒陳師道李廌劉恕王無咎蔡肇李格非呂南公郭祥正米芾劉詵倪濤李公麟周邦彥朱長文劉弇,,宋史,7111,黃庭堅
399,黃庭堅晁補之弟詠之秦觀張耒陳師道李廌劉恕王無咎蔡肇李格非呂南公郭祥正米芾劉詵倪濤李公麟周邦彥朱長文劉弇,,宋史,19865,李公麟
400,種世衡子古諤誼孫樸師道師中,,宋史,8040,种師道
401,劉絢李籲謝良佐游酢張繹蘇昞尹焞楊時羅從彥李侗,,宋史,11664,謝良佐
402,黃庭堅晁補之弟詠之秦觀張耒陳師道李廌劉恕王無咎蔡肇李格非呂南公郭祥正米芾劉詵倪濤李公麟周邦彥朱長文劉弇,,宋史,3676,米芾
403,種世衡子古諤誼孫樸師道師中,,宋史,14318,种師中
404,黃庭堅晁補之弟詠之秦觀張耒陳師道李廌劉恕王無咎蔡肇李格非呂南公郭祥正米芾劉詵倪濤李公麟周邦彥朱長文劉弇,,宋史,3081,陳師道
405,黃庭堅晁補之弟詠之秦觀張耒陳師道李廌劉恕王無咎蔡肇李格非呂南公郭祥正米芾劉詵倪濤李公麟周邦彥朱長文劉弇,,宋史,13,晁補之
406,劉絢李籲謝良佐游酢張繹蘇昞尹焞楊時羅從彥李侗,,宋史,11885,游酢
407,劉絢李籲謝良佐游酢張繹蘇昞尹焞楊時羅從彥李侗,,宋史,2022,楊時
408,黃庭堅晁補之弟詠之秦觀張耒陳師道李廌劉恕王無咎蔡肇李格非呂南公郭祥正米芾劉詵倪濤李公麟周邦彥朱長文劉弇,,宋史,12354,張耒
409,趙挺之張商英兄唐英劉正夫何執中鄭居中張康國朱諤劉逵林攄管師仁侯蒙,,宋史,8056,侯蒙
410,黃庭堅晁補之弟詠之秦觀張耒陳師道李廌劉恕王無咎蔡肇李格非呂南公郭祥正米芾劉詵倪濤李公麟周邦彥朱長文劉弇,,宋史,16567,周邦彥
411,列傳第二百三十一姦臣二,,宋史,8131,蔡卞
412,黃庭堅晁補之弟詠之秦觀張耒陳師道李廌劉恕王無咎蔡肇李格非呂南公郭祥正米芾劉詵倪濤李公麟周邦彥朱長文劉弇,,宋史,14299,李廌
413,趙挺之張商英兄唐英劉正夫何執中鄭居中張康國朱諤劉逵林攄管師仁侯蒙,,宋史,8027,鄭居中
414,劉絢李籲謝良佐游酢張繹蘇昞尹焞楊時羅從彥李侗,,宋史,4125,尹焞
415,梅堯臣江休復蘇洵章望之王逢孫唐卿黃庠楊寘附唐庚史伯虎附文同楊傑賀鑄劉涇鮑由黃伯思,,宋史,18063,賀鑄
416,黃庭堅晁補之弟詠之秦觀張耒陳師道李廌劉恕王無咎蔡肇李格非呂南公郭祥正米芾劉詵倪濤李公麟周邦彥朱長文劉弇,,宋史,7039,李格非
417,何慄孫傅陳過庭張叔夜聶昌張閣張近鄭僅宇文昌齡子常許幾程之邵龔原崔公度蒲卣,,宋史,8018,張叔夜
418,梅堯臣江休復蘇洵章望之王逢孫唐卿黃庠楊寘附唐庚史伯虎附文同楊傑賀鑄劉涇鮑由黃伯思,,宋史,1598,唐庚
419,範沖朱震胡安國子寅宏寧,,宋史,3394,胡安國
420,弭德超侯莫陳利用趙贊王黼朱勔王繼先曾覿龍大淵附張說王抃姜特立譙熙載附,,宋史,38487,朱勔
421,哲宗一、哲宗二,,宋史,9007,趙煦（宋哲宗）
422,弭德超侯莫陳利用趙贊王黼朱勔王繼先曾覿龍大淵附張說王抃姜特立譙熙載附,,宋史,8146,王黼
423,李祥陳衍馮世寧李繼和高居簡程昉蘇利涉雷允恭閻文應任守忠童貫方臘附梁師成楊戩,,宋史,8124,童貫
424,李祥陳衍馮世寧李繼和高居簡程昉蘇利涉雷允恭閻文應任守忠童貫方臘附梁師成楊戩,,宋史,41832,楊戩
425,李祥陳衍馮世寧李繼和高居簡程昉蘇利涉雷允恭閻文應任守忠童貫方臘附梁師成楊戩,,宋史,24657,梁師成
426,列傳第二百三十四叛臣上,,宋史,8015,張邦昌
427,康保裔馬遂董元亨曹覲孔宗旦趙師旦蘇緘秦傳序詹良臣江仲明李若水劉韐傅察楊震父宗閔張克戩張確朱昭史抗孫益,,宋史,4040,楊震
428,李祥陳衍馮世寧李繼和高居簡程昉蘇利涉雷允恭閻文應任守忠童貫方臘附梁師成楊戩,,宋史,3298,方臘
429,列傳第二百三十一姦臣二,,宋史,46953,張覺
